Player,Number,Pos,HT,WT,Age,Exp,College,status,player_id
Israel Abanikanda,20,RB,5-10,216,22,2,Pittsburgh,Active,c1f595b7-9043-4569-9ff6-97e0f31a5ba5
Brandon Allen,17,QB,6-2,209,32,8,Arkansas,Active,86f109ac-c967-4c17-af5c-97395270c489
Evan Anderson,69,DL,6-3,326,23,R,Florida Atlantic,Active,7774475d-ab11-4247-a631-9c7d29ba9745
Tre Avery,36,CB,5-11,181,28,3,Rutgers,Active,59e3afa0-cb40-4f8e-9052-88b9af20e074
Robert Beal Jr.,51,DL,6-4,250,25,2,Georgia,Active,dcecbaa2-2803-4716-a729-45e1c80d6ab8
Tatum Bethune,48,LB,6-0,299,24,R,Florida State,Active,f51beff4-e90c-4b73-9253-8699c46a94ff
Nick Bosa,97,DL,6-4,266,27,6,Ohio State,Active,9cf4b059-d05c-4d22-9ca3-c5aee41ebfdc
Jake Brendel,64,OL,6-4,299,32,7,UCLA,Active,b7c1b4e2-4d9c-47cc-8ac2-b6e0d2493157
Ji'Ayir Brown,27,S,5-11,202,25,2,Penn State,Active,e5950f0d-0d24-4e2f-b96a-36ebedb604a9
Chris Conley,18,WR,6-3,205,32,10,Georgia,Active,f35d154a-0a53-476e-b0c2-49ae5d33b7eb
Jacob Cowing,19,WR,5-9,171,24,R,Arizona,Active,564daa89-38f8-4c8a-8760-de1923f9a681
Kalia Davis,93,DL,6-2,310,26,3,Central Florida,Active,9ecde51b-8b49-40a3-ba42-e8c5787c279c
Khalil Davis,50,DL,6-2,315,28,4,Nebraska,Active,5162b93a-4f44-45fd-8d6b-f5714f4c7e91
Joshua Dobbs,5,QB,6-3,220,30,8,Tennessee,Active,44b1d8d5-663c-485b-94d3-c72540441aa0
Jordan Elliott,92,DL,6-4,303,27,5,Missouri,Active,f037f86a-6952-49a5-b6d3-6ce43b8e1d3d
Luke Farrell,89,TE,6-5,250,27,4,Ohio State,Active,ba2cf281-cffa-4de5-9db9-2109331e455d
Tashaun Gipson Sr.,43,S,6-1,212,34,13,Wyoming,Active,14026aa2-5f8c-45bf-9b92-0971d92127e6
Jalen Graham,41,LB,6-3,220,25,2,Purdue,Active,00d1db69-8b43-4d34-bbf8-17d4f00a8b71
Richie Grant,27,S,6-0,200,27,4,UCF,Active,c737a041-c713-43f6-8205-f409b349e2b6
Renardo Green,0,CB,6-0,186,24,R,Florida State,Active,21d23c5c-28c0-4b66-8d17-2f5c76de48ed
Yetur Gross-Matos,94,DL,6-5,265,27,5,Penn State,Active,cde0a59d-19ab-44c9-ba02-476b0762e4a8
Isaac Guerendo,31,RB,6-0,221,24,R,Louisville,Active,4ca8e082-d358-46bf-af14-9eaab40f4fe9
Charlie Heck,75,OL,6-8,311,28,5,North Carolina,Active,7d809297-6d2f-4515-ab3c-1ce3eb47e7a6
Matt Hennessy,61,OL,6-3,315,27,4,Temple,Active,2f95e3de-03de-4827-a4a7-aaed42817861
Jauan Jennings,15,WR,6-3,212,27,4,Tennessee,Active,16794171-c7a0-4a0e-9790-6ab3b2cd3380
Mac Jones,10,QB,6-3,200,26,4,Alabama,Active,18df1544-69a6-460c-802e-7d262e83111d
George Kittle,85,TE,6-4,250,31,8,Iowa,Active,3fe4cd72-43e3-40ea-8016-abb2b01503c7
Deommodore Lenoir,2,DB,5-10,200,25,4,Oregon,Active,79a00b55-fa24-45d8-a43f-772694b7776d
Nick McCloud,35,CB,6-1,193,26,4,Notre Dame,Active,c3b8f82b-92c0-4a5d-85ef-7ddaec7d3a87
Colton McKivitz,68,OL,6-6,301,28,5,West Virginia,Active,63b288c1-4434-4120-867c-cee4dadd8c8a
Jake Moody,4,K,6-1,210,25,2,Michigan,Active,9328e072-e82e-41ef-a132-ed54b649a5ca
Malik Mustapha,6,S,5-10,206,22,R,Wake Forest,Active,6cb2d19f-f0a4-4ece-9190-76345d1abc54
Pat O'Donnell,40,P,6-4,220,34,10,Miami,Active,61a0a607-be7b-429d-b492-59523fad023e
Sam Okuayinonu,91,DL,6-1,269,26,2,Maryland,Active,c81b6283-b1aa-40d6-a825-f01410912435
Ricky Pearsall,14,WR,6-3,192,24,R,Florida,Active,27bf8c9c-7193-4f43-9533-32f1293d1bf0
Jason Pinnock,41,CB,6-0,205,25,4,Pittsburgh,Active,57f29e6b-9082-4637-af4b-0d123ef4542d
Austen Pleasants,62,OT,6-7,328,27,1,Ohio,Active,d000d0a3-a7ba-442d-92af-0d407340aa2f
Dominick Puni,77,OL,6-5,313,25,R,Kansas,Active,aeb5a55c-4554-4116-9de0-76910e66e154
Brock Purdy,13,QB,6-1,220,25,3,Iowa State,Active,787758c9-4e9a-44f2-af68-c58165d0bc03
Demarcus Robinson,14,WR,6-1,203,30,9,Florida,Active,c97d60e5-8c92-4d2e-b782-542ca7aa7799
Eric Saubert,82,TE,6-5,248,30,7,Drake,Active,67214339-8a36-45b9-8b25-439d97b06703
Patrick Taylor Jr.,32,RB,6-2,217,26,4,Memphis,Active,4bf9f546-d80c-4cb4-8692-73d8ac68d1f1
Tre Tomlinson,,CB,5-9,177,25,2,TCU,Active,ad3e3f2e-ee06-4406-8874-ea1921c52328
Jake Tonges,88,TE,6-4,240,25,2,California,Active,ad391cbf-b874-4b1e-905b-2736f2b69332
Fred Warner,54,LB,6-3,230,28,7,Brigham Young,Active,cdd0eadc-19e2-4ca1-bba5-6846c9ac642b
Jon Weeks,46,LS,5-10,245,39,15,Baylor,Active,587c7609-ba56-4d22-b1e6-c12576c428fd
Brayden Willis,9,TE,6-4,240,25,2,Oklahoma,Active,d1b16c10-c5b3-4157-bd9d-7f289f17df81
Dee Winters,53,LB,5-11,227,24,2,TCU,Active,514f3569-5435-48bb-bc74-6b08d3d78ca9
Rock Ya-Sin,33,CB,5-11,195,28,6,Temple,Active,cb00e672-232a-4137-a259-f3cf0382d466
Isaac Yiadom,22,CB,6-1,232,29,7,Boston College,Active,3227c040-7d18-4803-b4b4-799667344a6d
Nick Zakelj,63,OL,6-6,316,25,3,Fordham,Active,59845c40-7efc-4514-9ed6-c29d983fba31
Player,#,Pos,HT,WT,Age,Exp,College,Reserve/Future,724825a5-7a0b-422d-946e-ce9512ad7add
Isaac Alarcon,67,OL,6-7,320,26,1,Tecnol√≥gico de Monterrey,Reserve/Future,262ea245-93dc-4c61-aa41-868bc4cc5dcf
Russell Gage,84,WR,6-0,184,29,7,LSU,Reserve/Future,1537733f-8218-4c45-9a0a-e00ff349a9d1
Isaiah Hodgins,87,WR,6-3,200,26,4,Oregon State,Reserve/Future,f4c2cec2-d0b4-45a9-ac1b-478ce1a32b2c
Quindell Johnson,,S,6-2,208,25,2,Memphis,Reserve/Future,7bee6f18-bd56-4920-a132-107c8af22bef
Jalen McKenzie,76,OT,6-5,315,25,1,USC,Reserve/Future,473d4c85-cc2c-4020-9381-c49a7236ad68
Brandon Aiyuk,11,WR,6-0,200,27,5,Arizona State,Reserve/Injured,577eb875-f886-400d-8b14-ec28a2cc5eae
Aaron Banks,65,OL,6-5,325,27,4,Notre Dame,Reserve/Injured,e665afb5-904a-4e86-a6da-1d859cc81f90
Ben Bartch,78,OL,6-6,315,26,5,St. John's (MN),Reserve/Injured,6a1545de-63fd-4c04-bc27-58ba334e7a91
Tre Brown,22,CB,5-10,185,27,4,Oklahoma,Reserve/Injured,839c425d-d9b0-4b60-8c68-80d14ae382f7
Spencer Burford,74,OL,6-4,300,24,3,Texas-San Antonio,Reserve/Injured,31da633a-a7f1-4ec4-a715-b04bb85e0b5f
Luke Gifford,57,LB,6-3,243,29,6,Nebraska,Reserve/Injured,069b6392-804b-4fcb-8654-d67afad1fd91
Kevin Givens,90,DL,6-1,285,28,5,Penn State,Reserve/Injured,a9f79e66-ff50-49eb-ae50-c442d23955fc
Darrell Luter Jr.,28,CB,6-0,190,24,2,South Alabama,Reserve/Injured,741c6fa0-0254-4f85-9066-6d46fcc1026e
Jordan Mason,24,RB,5-11,223,25,3,Georgia Tech,Reserve/Injured,89531f13-baf0-43d6-b9f4-42a95482753a
Christian McCaffrey,23,RB,5-11,210,28,8,Stanford,Reserve/Injured,052ec36c-e430-4698-9270-d925fe5bcaf4
Elijah Mitchell,25,RB,5-10,200,26,4,Louisiana,Reserve/Injured,7dfc6f25-07a8-4618-954b-b9dd96cee86e
Jaylon Moore,76,OL,6-4,311,27,4,Western Michigan,Reserve/Injured,c800d89e-031f-4180-b824-8fd307cf6d2b
George Odum,30,S,6-1,202,31,7,Central Arkansas,Reserve/Injured,26e72658-4503-47c4-ad74-628545e2402a
Curtis Robinson,36,LB,6-3,235,26,3,Stanford,Reserve/Injured,072a3483-b063-48fd-bc9c-5faa9b845425
Trent Williams,71,T,6-5,320,36,15,Oklahoma,Reserve/Injured,bb8b42ad-6042-40cd-b08c-2dc3a5cfc737
Mitch Wishnowsky,3,P,6-2,220,33,6,Utah,Reserve/Injured,fe86f2c6-8576-4e77-b1df-a3df995eccf8
